Changes made at Sat Aug  9 05:58:18 UTC 2025
Changes made at Thu Nov 20 13:44:51 UTC 2025
Changes made at Thu Nov 20 14:23:18 UTC 2025
Changes made at Thu Nov 20 16:30:18 UTC 2025
Changes made at Fri Nov 21 08:32:00 UTC 2025
Changes made at Fri Nov 21 10:23:54 UTC 2025
Changes made at Fri Nov 21 14:22:15 UTC 2025
Changes made at Fri Nov 21 16:28:04 UTC 2025
Changes made at Sat Nov 22 08:27:36 UTC 2025
Changes made at Sat Nov 22 10:21:24 UTC 2025
Changes made at Sat Nov 22 14:18:52 UTC 2025
Changes made at Sat Nov 22 16:25:57 UTC 2025
Changes made at Sun Nov 23 08:27:48 UTC 2025
